admin,18,homme,1965-03-19,France,qsdfsqdfsqdf,100,20,balades,bowling,auburn,bleu-gris,photo_profile/admin.jpg,admin,dfazerzet,$2y$10$dkuE9/T4atgeCBdFsDUUX.2sjemd4TKP0omw3UXYtfHLlBFbf.S76,admin,avtive
admin2,18,homme,1965-05-06,France, asdfsdfasdf, 100, 20, art, athletisme, auburn, bleu-gris, photo_profile/admin2.jpg, admin, asdfsdf, $2y$10$Bhem8RsmvjuiDRx8TWhTGuliRss62ygITr5TfiDKh51EOa4NMD5xu,admin,active
admin3,18,homme,1935-05-06,France, qsdfqsdfsqdf, 100, 20, balades, base_ball, roux, bleu-vert, photo_profile/admin3.jpg, admin, qsdfsdfqsdfqsdf, $2y$10$6foGSXIKSYKktLzUPPcyuOGL7BWLbMkLllx3RXJrn55dG1.msIWcK,admin,active
admin4,18,homme,1965-05-06,France, qsdfqsdfsdf, 100, 20, cinema, billard_billard_americain_flechettes, roux, bleu-gris, photo_profile/admin4.jpg, admin, qsdfzefqdsf, $2y$10$G1aO.vYiQn2MLlnf9KaGTO7q0mYaIJWwMbgYt68MBZdmfvazPN/aa,admin,active
Alice,18,femme,2003-05-06,France,azerazer,100,20,art,bowling,roux,marron,photo_profile/Alice.jpg,Alice,azerzaerazer,$2y$10$xIm1nFaYtc0vBVgWSJ.l5O0osxjIBrUSa6TL1JgM2swUTvUk/teVC,basic,avtive
julie,24,femme,1999-11-11,France,je cherche un homme pour rencontrer le véritable amour,164,58,restaurant,fitness,blond,bleu-vert,../photos_profil/julie.jpg,julie,pontoise,$2y$10$73bIePLG.k52zsT8navkPe9gwQhh26tkIgxOGG1VPAZAq65qcDsl2,basic,avtive
maxime,28,homme,1996-02-21,France,à la recherche de nouvelle de rencontre,178,80,informatique-internet,football,brun,marron,../photos_profil/maxime.jpg,maxime,osny,$2y$10$5gnlM8RCT1sn1YznXlNK1.9VS3A9IkvLESkDZlrpyRdsOQbVi4m5C,basic,avtive
antho,24,homme,1999-11-11,France,je cherche une femme pour construire quelque chose de durable,170,67,automobiles,cyclisme_vtt,noir,marron,../photos_profil/antho.jpg,anthony,cergy,$2y$10$ghu98ge61SsaJGtSRdWexOiNZ3xks10pInjw3q3UGegH1O0pWZeTa,basic,avtive
georgina,30,femme,1994-05-05,France,célibataire cherchant le veritable amour,175,70,expositions-musees,football,noir,marron,../photos_profil/georgina.jpeg,Georgina ronaldo,marseille,$2y$10$X9ee0M/YUbhNsmhmsUMDROACAksuSQ3X8HSenCe1FXW2TLbybTa7u,basic,avtive
celina,20,femme,2004-11-11,France,je cherche mon premier amour j'ai toujours été célibataire,172,65,chant-instrument-musical,danse,noir,marron,../photos_profil/celina.jpg,celine,cergy,$2y$10$pA4VuKEUSxp2uKCMOp0QpOwuKJ.nRHygB0hR4AkUvjt5Bx.bapGGe,basic,avtive
vini,31,femme,1993-11-11,France,je cherche une femme pour construire quelque chose de durable,180,74,jeux-videos,football,brun,marron,../photos_profil/vini.jpg,vinicius,paris,$2y$10$SMOXWUwz59exiqwMoFjWzu3ZjdGlaAeyo6z5mfJuLHXvQFk33/Ofq,basic,avtive
alicia,20,femme,2004-11-11,France,célibataire et je cherche du sérieux,162,54,cinema,basket_ball,brun,marron-vert,../photos_profil/alicia.jpg,alicia,CERGY,$2y$10$KJRxP9dwPphPKWCxil/uyuCKz/EaMQ2sdkwCt1oLlk0mtPwtpY6U6,basic,avtive
noemie,23,femme,2000-02-22,France,je cherche un homme capable,160,55,jeux-de-cartes,badminton,brun,marron,../photos_profil/noemie.jpg,noemie,lyon,$2y$10$5RwI03gWO/VpIXxqS7I.LOBVucEOg.49pQkO55LBMgOYRwrSJiE06,basic,avtive
